<?xml version="1.0" encoding="UTF-8"?>
<project-private xmlns="http://www.netbeans.org/ns/project-private/1">
    <editor-bookmarks xmlns="http://www.netbeans.org/ns/editor-bookmarks/2" lastBookmarkId="0"/>
    <open-files xmlns="http://www.netbeans.org/ns/projectui-open-files/2">
        <group>
            <file>file:/F:/JAVA/Netbeans/Evont/web/admin2.jsp</file>
            <file>file:/F:/JAVA/Netbeans/Evont/web/index.html</file>
            <file>file:/F:/JAVA/Netbeans/Evont/web/admin1.jsp</file>
            <file>file:/F:/JAVA/Netbeans/Evont/web/header.jsp</file>
            <file>file:/F:/JAVA/Netbeans/Evont/web/registered_organiser.jsp</file>
        </group>
    </open-files>
</project-private>
